term,estimate,std_error,t_value,p_value,timing,sample,stem,model,conf_low,conf_high,stem_label,sample_label
lag_complaint_12,0.000379801086690328,0.000315795788009852,1.20267939317316,0.229102919070757,-12,full,complaint,distributed_lag,-0.000239158657808982,0.000998760831189637,Any Complaint,Full Sample
lag_complaint_11,0.000442029756303339,0.00029778447268233,1.48439491260811,0.137706959524873,-11,full,complaint,distributed_lag,-0.000141627810154027,0.00102568732276071,Any Complaint,Full Sample
lag_complaint_10,0.000642618761410289,0.000309861699590992,2.07388897130083,0.0380918720886356,-10,full,complaint,distributed_lag,3.52898302119447e-05,0.00124994769260863,Any Complaint,Full Sample
lag_complaint_9,0.000487214542948776,0.000301083424807409,1.61820446695273,0.105621318064961,-9,full,complaint,distributed_lag,-0.000102908969673746,0.0010773380555713,Any Complaint,Full Sample
lag_complaint_8,0.000915689249238858,0.000305769279517077,2.99470650120598,0.00274768227912544,-8,full,complaint,distributed_lag,0.000316381461385387,0.00151499703709233,Any Complaint,Full Sample
lag_complaint_7,0.00119361807963251,0.000305262182183042,3.91014068987029,9.22959439703717e-05,-7,full,complaint,distributed_lag,0.000595304202553747,0.00179193195671127,Any Complaint,Full Sample
lag_complaint_6,0.00167503153728335,0.000304385238893493,5.50299857960409,3.74189212860039e-08,-6,full,complaint,distributed_lag,0.0010784364690521,0.00227162660551459,Any Complaint,Full Sample
lag_complaint_5,0.00175003818097932,0.000307850548192331,5.68470055114528,1.31362118530707e-08,-5,full,complaint,distributed_lag,0.00114665110652235,0.00235342525543629,Any Complaint,Full Sample
lag_complaint_4,0.00343895690936508,0.000312498697281249,11.0047079852945,3.74782136574279e-28,-4,full,complaint,distributed_lag,0.00282645946269384,0.00405145435603633,Any Complaint,Full Sample
lag_complaint_3,0.00444991820832526,0.000322130876900807,13.8140070617804,2.27513599423734e-43,-3,full,complaint,distributed_lag,0.00381854168959968,0.00508129472705084,Any Complaint,Full Sample
lag_complaint_2,0.00841446457153332,0.00035468705648811,23.7236302188416,4.13214059285872e-124,-2,full,complaint,distributed_lag,0.00771927794081662,0.00910965120225001,Any Complaint,Full Sample
lag_complaint_1,0.0147396009507977,0.000379877534024795,38.8009282745202,0,-1,full,complaint,distributed_lag,0.0139950409841091,0.0154841609174863,Any Complaint,Full Sample
filed_complaint,0.0242999920334286,0.000435108504434293,55.8481201488402,0,0,full,complaint,distributed_lag,0.0234471793647374,0.0251528047021198,Any Complaint,Full Sample
lead_complaint_1,0.0124278540879354,0.000382528499343962,32.4887011274956,1.77113340215196e-230,1,full,complaint,distributed_lag,0.0116780982292212,0.0131776099466495,Any Complaint,Full Sample
lead_complaint_2,0.00431974340354191,0.000323117888548263,13.3689391910491,9.8603340397354e-41,2,full,complaint,distributed_lag,0.00368643234198732,0.00495305446509651,Any Complaint,Full Sample
lead_complaint_3,0.00229179098099685,0.000313007614301306,7.32183779654233,2.46207499773427e-13,3,full,complaint,distributed_lag,0.00167829605696629,0.00290528590502741,Any Complaint,Full Sample
lead_complaint_4,0.0011536367018544,0.000301689487910128,3.82392077975903,0.000131416251861971,4,full,complaint,distributed_lag,0.000562325305550549,0.00174494809815825,Any Complaint,Full Sample
lead_complaint_5,0.000314473852818061,0.000314972814764856,0.99841585710447,0.31807987515241,5,full,complaint,distributed_lag,-0.000302872864121057,0.00093182056975718,Any Complaint,Full Sample
lead_complaint_6,0.000468697694521003,0.000299032140792362,1.56738233314676,0.117028137568457,6,full,complaint,distributed_lag,-0.000117405301432026,0.00105480069047403,Any Complaint,Full Sample
lead_complaint_7,-4.15318092240315e-05,0.000302257541429458,-0.137405369697696,0.890710630534491,7,full,complaint,distributed_lag,-0.00063395659042577,0.000550892971977707,Any Complaint,Full Sample
lead_complaint_8,-6.31976754084725e-05,0.000303143215716443,-0.208474648720448,0.834858749101172,8,full,complaint,distributed_lag,-0.000657358378212702,0.000530963027395757,Any Complaint,Full Sample
lead_complaint_9,-4.53645323151064e-05,0.000302741993897402,-0.149845522687811,0.880886759030249,9,full,complaint,distributed_lag,-0.000638738840354014,0.000548009775723801,Any Complaint,Full Sample
lead_complaint_10,-0.000236773030717763,0.000307871384982179,-0.769064753229563,0.441856470661612,10,full,complaint,distributed_lag,-0.000840200945282833,0.000366654883847307,Any Complaint,Full Sample
lead_complaint_11,-0.000358876516286358,0.000312958935833312,-1.14672078408876,0.251499454084232,11,full,complaint,distributed_lag,-0.00097227603051965,0.000254522997946933,Any Complaint,Full Sample
lead_complaint_12,-0.000131447324878574,0.000301924645925344,-0.43536467344596,0.663298575614792,12,full,complaint,distributed_lag,-0.000723219630892248,0.0004603249811351,Any Complaint,Full Sample
lag_severe_12,0.00155571538911653,0.00052689141650176,2.95262997344982,0.00315143876718262,-12,full,severe,distributed_lag,0.000523008212773077,0.00258842256545998,Severe Complaint,Full Sample
lag_severe_11,0.00147282561825064,0.000492389392220742,2.99118064182495,0.0027796067125359,-11,full,severe,distributed_lag,0.000507742409497981,0.00243790882700329,Severe Complaint,Full Sample
lag_severe_10,0.00183426572298796,0.000510871151258514,3.59046643849297,0.000330225831621656,-10,full,severe,distributed_lag,0.000832958266521272,0.00283557317945464,Severe Complaint,Full Sample
lag_severe_9,0.00190810412787032,0.000510089293034309,3.74072570023927,0.000183579862362676,-9,full,severe,distributed_lag,0.000908329113523071,0.00290787914221756,Severe Complaint,Full Sample
lag_severe_8,0.00198600345265268,0.000510236353477937,3.89232056695968,9.93466014520066e-05,-8,full,severe,distributed_lag,0.000985940199835924,0.00298606670546944,Severe Complaint,Full Sample
lag_severe_7,0.00299167055436335,0.00051398447883893,5.82054649027809,5.88125785786668e-09,-7,full,severe,distributed_lag,0.00198426097583904,0.00399908013288765,Severe Complaint,Full Sample
lag_severe_6,0.00373712924664486,0.00051574456484962,7.24608556511793,4.3169914819416e-13,-6,full,severe,distributed_lag,0.0027262698995396,0.00474798859375011,Severe Complaint,Full Sample
lag_severe_5,0.00435305059087938,0.000521602616292608,8.34553059150572,7.16776213238065e-17,-5,full,severe,distributed_lag,0.00333070946294587,0.00537539171881289,Severe Complaint,Full Sample
lag_severe_4,0.0064724099605839,0.00052425156693842,12.3460002196697,5.39144720650903e-35,-4,full,severe,distributed_lag,0.0054448768893846,0.00749994303178321,Severe Complaint,Full Sample
lag_severe_3,0.00901312351842951,0.000535244273739972,16.8392712647837,1.50278201133451e-63,-3,full,severe,distributed_lag,0.00796404474189917,0.0100622022949599,Severe Complaint,Full Sample
lag_severe_2,0.0159521303113333,0.000600524679067536,26.5636548627826,5.33832381029186e-155,-2,full,severe,distributed_lag,0.0147751019403609,0.0171291586823057,Severe Complaint,Full Sample
lag_severe_1,0.0267614870186532,0.000647164866791087,41.3518848007739,0,-1,full,severe,distributed_lag,0.0254930438797427,0.0280299301575637,Severe Complaint,Full Sample
filed_severe,0.043433476699675,0.000758396348632502,57.2701553455417,0,0,full,severe,distributed_lag,0.0419470198563553,0.0449199335429947,Severe Complaint,Full Sample
lead_severe_1,0.0222280266586713,0.000654829185213781,33.9447708816072,2.67074700580934e-251,1,full,severe,distributed_lag,0.0209445614556523,0.0235114918616904,Severe Complaint,Full Sample
lead_severe_2,0.00681949227658952,0.000532943576563706,12.7958991842251,1.8347097746796e-37,2,full,severe,distributed_lag,0.00577492286652465,0.00786406168665438,Severe Complaint,Full Sample
lead_severe_3,0.0029528540311487,0.000513786434089507,5.7472401667855,9.09430313938667e-09,3,full,severe,distributed_lag,0.00194583262033327,0.00395987544196414,Severe Complaint,Full Sample
lead_severe_4,0.00123081888340336,0.000500008694165445,2.46159496377898,0.0138335528619114,4,full,severe,distributed_lag,0.000250801842839092,0.00221083592396763,Severe Complaint,Full Sample
lead_severe_5,-1.93536091131739e-05,0.00052245700003189,-0.0370434487661044,0.970450427511808,5,full,severe,distributed_lag,-0.00104336932917568,0.00100466211094933,Severe Complaint,Full Sample
lead_severe_6,0.000580866951964579,0.000499003511917309,1.16405383547849,0.244404641255993,6,full,severe,distributed_lag,-0.000397179931393346,0.0015589138353225,Severe Complaint,Full Sample
lead_severe_7,-0.000216892815339705,0.000497272109960857,-0.436165252374153,0.662717665961941,7,full,severe,distributed_lag,-0.00119154615086298,0.000757760520183574,Severe Complaint,Full Sample
lead_severe_8,-0.000131943060562999,0.000500017519199525,-0.263876875302742,0.791875273983884,8,full,severe,distributed_lag,-0.00111197739819407,0.00084809127706807,Severe Complaint,Full Sample
lead_severe_9,0.00017096428826883,0.000503501629249641,0.339550615801611,0.734195601481904,9,full,severe,distributed_lag,-0.000815898905060466,0.00115782748159813,Severe Complaint,Full Sample
lead_severe_10,8.63914619368754e-06,0.000516519257922868,0.0167257000802429,0.986655473714869,10,full,severe,distributed_lag,-0.00100373859933513,0.00102101689172251,Severe Complaint,Full Sample
lead_severe_11,0.000160731506529547,0.000524135893129736,0.306659987679496,0.759102750737165,11,full,severe,distributed_lag,-0.000866574844004736,0.00118803785706383,Severe Complaint,Full Sample
lead_severe_12,0.000444427112691622,0.000496317204470418,0.895449741996827,0.370548618714936,12,full,severe,distributed_lag,-0.000528354608070397,0.00141720883345364,Severe Complaint,Full Sample
lag_non_severe_12,-0.000203143546103224,0.000304842365209911,-0.666388826773937,0.50516395625861,-12,full,non_severe,distributed_lag,-0.00080063458191465,0.000394347489708201,Non-Severe Complaint,Full Sample
lag_non_severe_11,-0.000288362476959482,0.000301583297237656,-0.956161961225076,0.338992450297899,-11,full,non_severe,distributed_lag,-0.000879465739545288,0.000302740785626323,Non-Severe Complaint,Full Sample
lag_non_severe_10,4.04316977968543e-05,0.000310078667815303,0.130391742462391,0.896256730364031,-10,full,non_severe,distributed_lag,-0.000567322491121139,0.000648185886714847,Non-Severe Complaint,Full Sample
lag_non_severe_9,-0.000425181350276397,0.000299828026494704,-1.41808407721987,0.156168963766451,-9,full,non_severe,distributed_lag,-0.00101284428220602,0.000162481581653223,Non-Severe Complaint,Full Sample
lag_non_severe_8,0.000136230732642531,0.000301224541760022,0.45225641923646,0.651085131715996,-8,full,non_severe,distributed_lag,-0.000454169369207112,0.000726630834492175,Non-Severe Complaint,Full Sample
lag_non_severe_7,-0.000349431455701261,0.00030547882937861,-1.14388108796952,0.25267536664271,-7,full,non_severe,distributed_lag,-0.000948169961283337,0.000249307049880815,Non-Severe Complaint,Full Sample
lag_non_severe_6,0.000173171350291272,0.000308060698223889,0.562133862870806,0.574025927837641,-6,full,non_severe,distributed_lag,-0.000430627618227549,0.000776970318810094,Non-Severe Complaint,Full Sample
lag_non_severe_5,-0.000572063315870336,0.000304873988102271,-1.87639266777471,0.0606039434367018,-5,full,non_severe,distributed_lag,-0.00116961633255079,2.54897008101147e-05,Non-Severe Complaint,Full Sample
lag_non_severe_4,0.000928323429502504,0.000320252064239849,2.89872738745955,0.0037475222229426,-4,full,non_severe,distributed_lag,0.000300629383592401,0.00155601747541261,Non-Severe Complaint,Full Sample
lag_non_severe_3,0.000448162474827489,0.000324255715657721,1.38212667714564,0.166935527436751,-3,full,non_severe,distributed_lag,-0.000187378727861645,0.00108370367751662,Non-Severe Complaint,Full Sample
lag_non_severe_2,0.00145083557856261,0.000338487001940621,4.28623719742455,1.81874471200687e-05,-2,full,non_severe,distributed_lag,0.000787401054758988,0.00211427010236622,Non-Severe Complaint,Full Sample
lag_non_severe_1,0.00268927114578654,0.00034834687521679,7.72009550570217,1.17185458513915e-14,-1,full,non_severe,distributed_lag,0.00200651127036163,0.00337203102121145,Non-Severe Complaint,Full Sample
filed_non_severe,0.00387159276596991,0.000361469267054109,10.7107107542572,9.33736753913614e-27,0,full,non_severe,distributed_lag,0.00316311300254386,0.00458007252939596,Non-Severe Complaint,Full Sample
lead_non_severe_1,0.00237686059037562,0.000346737495460291,6.85492806949062,7.17107258632292e-12,1,full,non_severe,distributed_lag,0.00169725509927345,0.00305646608147779,Non-Severe Complaint,Full Sample
lead_non_severe_2,0.00271857318200242,0.000341693772434392,7.95616836278281,1.79070295858879e-15,2,full,non_severe,distributed_lag,0.00204885338803101,0.00338829297597382,Non-Severe Complaint,Full Sample
lead_non_severe_3,0.00213854734396018,0.000345567822327556,6.18850253347113,6.09450128520321e-10,3,full,non_severe,distributed_lag,0.00146123441219817,0.00281586027572219,Non-Severe Complaint,Full Sample
lead_non_severe_4,0.0016528925376751,0.000332313589416181,4.97389390719457,6.57167572447562e-07,4,full,non_severe,distributed_lag,0.00100155790241939,0.00230422717293082,Non-Severe Complaint,Full Sample
lead_non_severe_5,0.00108760469549027,0.000329882992463157,3.29694079518736,0.000977740912810198,5,full,non_severe,distributed_lag,0.000441034030262478,0.00173417536071805,Non-Severe Complaint,Full Sample
lead_non_severe_6,0.000604749839640826,0.00032366455329587,1.86844630801448,0.0617024605876757,6,full,non_severe,distributed_lag,-2.96326848190796e-05,0.00123913236410073,Non-Severe Complaint,Full Sample
lead_non_severe_7,0.000493824221194378,0.000322717739254298,1.53020476139755,0.125968838957749,7,full,non_severe,distributed_lag,-0.000138702547744045,0.0011263509901328,Non-Severe Complaint,Full Sample
lead_non_severe_8,0.000219810443538168,0.000321441162874264,0.683827925374168,0.494085226063753,8,full,non_severe,distributed_lag,-0.00041021423569539,0.000849835122771726,Non-Severe Complaint,Full Sample
lead_non_severe_9,0.000268692854226647,0.000323873387872872,0.829623131407497,0.406753638435236,9,full,non_severe,distributed_lag,-0.000366098986004182,0.000903484694457477,Non-Severe Complaint,Full Sample
lead_non_severe_10,2.98416004325741e-05,0.000320177654088235,0.0932032577899714,0.925742250755904,10,full,non_severe,distributed_lag,-0.000597706601580367,0.000657389802445515,Non-Severe Complaint,Full Sample
lead_non_severe_11,-0.000427357570170045,0.000316102541324451,-1.35195866625887,0.176391231249563,11,full,non_severe,distributed_lag,-0.00104691855116597,0.000192203410825879,Non-Severe Complaint,Full Sample
lead_non_severe_12,-8.67475956578521e-05,0.000322018200472049,-0.269387244356649,0.78763219050455,12,full,non_severe,distributed_lag,-0.000717903268583068,0.000544408077267364,Non-Severe Complaint,Full Sample
lag_complaint_12,0.00047883131147083,0.000378484021579991,1.26512952771939,0.205827495856364,-12,pre,complaint,distributed_lag,-0.000262997370825953,0.00122065999376761,Any Complaint,Pre-COVID (<=2019)
lag_complaint_11,0.000456250836028706,0.000348619540013947,1.30873569510892,0.190626544809688,-11,pre,complaint,distributed_lag,-0.00022704346239863,0.00113954513445604,Any Complaint,Pre-COVID (<=2019)
lag_complaint_10,0.000653386982752236,0.000365720889718503,1.78657276934645,0.0740092331986304,-10,pre,complaint,distributed_lag,-6.34259610960309e-05,0.0013701999266005,Any Complaint,Pre-COVID (<=2019)
lag_complaint_9,0.000775409577232447,0.000351667450944078,2.20495122636685,0.0274595144345764,-9,pre,complaint,distributed_lag,8.61413733820545e-05,0.00146467778108284,Any Complaint,Pre-COVID (<=2019)
lag_complaint_8,0.00115958878697664,0.000360446868111118,3.21708659324283,0.00129535797172287,-8,pre,complaint,distributed_lag,0.000453112925478852,0.00186606464847444,Any Complaint,Pre-COVID (<=2019)
lag_complaint_7,0.0014790339294192,0.000352806539432626,4.19219533684874,2.76476855076022e-05,-7,pre,complaint,distributed_lag,0.00078753311213125,0.00217053474670714,Any Complaint,Pre-COVID (<=2019)
lag_complaint_6,0.00179237830115706,0.000353957993564654,5.06381642382562,4.11586436934224e-07,-6,pre,complaint,distributed_lag,0.00109862063377034,0.00248613596854378,Any Complaint,Pre-COVID (<=2019)
lag_complaint_5,0.00188337439273307,0.00035306373700442,5.33437505848835,9.60570923731343e-08,-5,pre,complaint,distributed_lag,0.0011913694682044,0.00257537931726173,Any Complaint,Pre-COVID (<=2019)
lag_complaint_4,0.00376930756118119,0.000362250239055054,10.4052590027645,2.4086169190056e-25,-4,pre,complaint,distributed_lag,0.00305929709263329,0.0044793180297291,Any Complaint,Pre-COVID (<=2019)
lag_complaint_3,0.00485159679468799,0.000373478579710883,12.9902946467337,1.47978453768987e-38,-3,pre,complaint,distributed_lag,0.00411957877845466,0.00558361481092132,Any Complaint,Pre-COVID (<=2019)
lag_complaint_2,0.00968495198663779,0.000414269989517797,23.3783576693811,1.3702241626853e-120,-2,pre,complaint,distributed_lag,0.00887298280718291,0.0104969211660927,Any Complaint,Pre-COVID (<=2019)
lag_complaint_1,0.0183823514734576,0.000456397024830029,40.2771062767192,0,-1,pre,complaint,distributed_lag,0.0174878133047907,0.0192768896421244,Any Complaint,Pre-COVID (<=2019)
filed_complaint,0.0307568266897784,0.000537019860313912,57.2731642956364,0,0,pre,complaint,distributed_lag,0.0297042677635632,0.0318093856159937,Any Complaint,Pre-COVID (<=2019)
lead_complaint_1,0.0154045406463609,0.000446298249155457,34.5162470959978,1.02474115246815e-259,1,pre,complaint,distributed_lag,0.0145297960780162,0.0162792852147056,Any Complaint,Pre-COVID (<=2019)
lead_complaint_2,0.00554417137862485,0.000372953296579353,14.8655915619323,6.14344311834791e-50,2,pre,complaint,distributed_lag,0.00481318291732932,0.00627515983992038,Any Complaint,Pre-COVID (<=2019)
lead_complaint_3,0.00328997954498716,0.000362441683899714,9.07726591927401,1.1305307948597e-19,3,pre,complaint,distributed_lag,0.00257959384454372,0.0040003652454306,Any Complaint,Pre-COVID (<=2019)
lead_complaint_4,0.00208340609763137,0.000333710661561064,6.24315114142717,4.30351711308683e-10,4,pre,complaint,distributed_lag,0.00142933320097169,0.00273747899429106,Any Complaint,Pre-COVID (<=2019)
lead_complaint_5,0.000996621204384316,0.00034426986399863,2.89488366134853,0.00379371324590614,5,pre,complaint,distributed_lag,0.000321852270947001,0.00167139013782163,Any Complaint,Pre-COVID (<=2019)
lead_complaint_6,0.00085401010284876,0.000338318858056076,2.52427579046513,0.0115950448097046,6,pre,complaint,distributed_lag,0.000190905141058851,0.00151711506463867,Any Complaint,Pre-COVID (<=2019)
lead_complaint_7,0.000635584464060113,0.000322176040393497,1.97278625463218,0.0485223417406186,7,pre,complaint,distributed_lag,4.1194248888586e-06,0.00126704950323137,Any Complaint,Pre-COVID (<=2019)
lead_complaint_8,0.000500398949198344,0.000331437925183456,1.50978180581286,0.13110189164346,8,pre,complaint,distributed_lag,-0.000149219384161229,0.00115001728255792,Any Complaint,Pre-COVID (<=2019)
lead_complaint_9,0.000468487448644203,0.000332149365710049,1.41047220620969,0.158403037116605,9,pre,complaint,distributed_lag,-0.000182525308147493,0.0011195002054359,Any Complaint,Pre-COVID (<=2019)
lead_complaint_10,0.000678345288482811,0.000337975003267776,2.00708715710955,0.0447427491193168,10,pre,complaint,distributed_lag,1.59142820779705e-05,0.00134077629488765,Any Complaint,Pre-COVID (<=2019)
lead_complaint_11,0.000326670759960617,0.000335429355412479,0.973888405082818,0.330114026149934,11,pre,complaint,distributed_lag,-0.000330770776647842,0.000984112296569077,Any Complaint,Pre-COVID (<=2019)
lead_complaint_12,0.000574892083018363,0.000328242684680196,1.75142390021114,0.079875618880351,12,pre,complaint,distributed_lag,-6.84635789548206e-05,0.00121824774499155,Any Complaint,Pre-COVID (<=2019)
lag_severe_12,0.00168277874578888,0.000618496003458194,2.72075928765904,0.0065142087204439,-12,pre,severe,distributed_lag,0.000470526579010819,0.00289503091256694,Severe Complaint,Pre-COVID (<=2019)
lag_severe_11,0.00180191142136263,0.000574162222570997,3.13833155600867,0.00169956025523632,-11,pre,severe,distributed_lag,0.000676553465123477,0.00292726937760178,Severe Complaint,Pre-COVID (<=2019)
lag_severe_10,0.0020848392794405,0.000599475404893176,3.47777283675552,0.000505787350680793,-10,pre,severe,distributed_lag,0.000909867485849877,0.00325981107303113,Severe Complaint,Pre-COVID (<=2019)
lag_severe_9,0.00287007734179012,0.000590724876536893,4.85856860915671,1.18394680241008e-06,-9,pre,severe,distributed_lag,0.00171225658377781,0.00402789809980244,Severe Complaint,Pre-COVID (<=2019)
lag_severe_8,0.00279651367176903,0.000601038296193595,4.65280447099542,3.27819462188523e-06,-8,pre,severe,distributed_lag,0.00161847861122958,0.00397454873230847,Severe Complaint,Pre-COVID (<=2019)
lag_severe_7,0.00406765212756832,0.000586132377891398,6.93981817247774,3.94697432723619e-12,-7,pre,severe,distributed_lag,0.00291883266690118,0.00521647158823546,Severe Complaint,Pre-COVID (<=2019)
lag_severe_6,0.00433065279079208,0.000594880479675337,7.27987039204175,3.36290901444251e-13,-6,pre,severe,distributed_lag,0.00316468705062842,0.00549661853095574,Severe Complaint,Pre-COVID (<=2019)
lag_severe_5,0.00531045542691979,0.000596031075773355,8.90969555577187,5.19055330052001e-19,-5,pre,severe,distributed_lag,0.00414223451840401,0.00647867633543556,Severe Complaint,Pre-COVID (<=2019)
lag_severe_4,0.00759429843466442,0.000601171660224008,12.6324957364668,1.47930283911489e-36,-4,pre,severe,distributed_lag,0.00641600198062536,0.00877259488870347,Severe Complaint,Pre-COVID (<=2019)
lag_severe_3,0.0103589041606636,0.000622792375209127,16.6329977260643,4.7619995457663e-62,-3,pre,severe,distributed_lag,0.0091382311052537,0.0115795772160735,Severe Complaint,Pre-COVID (<=2019)
lag_severe_2,0.0192915309083805,0.000706655273790245,27.29977631796,1.44679613431256e-163,-2,pre,severe,distributed_lag,0.0179064865717516,0.0206765752450094,Severe Complaint,Pre-COVID (<=2019)
lag_severe_1,0.0344543265587403,0.000782011031448972,44.0586196014403,0,-1,pre,severe,distributed_lag,0.0329215849371003,0.0359870681803803,Severe Complaint,Pre-COVID (<=2019)
filed_severe,0.0568123500964561,0.000940919765634343,60.3795904512164,0,0,pre,severe,distributed_lag,0.0549681473558128,0.0586565528370994,Severe Complaint,Pre-COVID (<=2019)
lead_severe_1,0.0286019322956559,0.00076355731262219,37.4587890428707,3.20260488509942e-305,1,pre,severe,distributed_lag,0.0271053599629164,0.0300985046283954,Severe Complaint,Pre-COVID (<=2019)
lead_severe_2,0.009301372199014,0.000610052303672143,15.2468438247432,1.94784463035109e-52,2,pre,severe,distributed_lag,0.0081056696838166,0.0104970747142114,Severe Complaint,Pre-COVID (<=2019)
lead_severe_3,0.00464044169082109,0.000587712170282319,7.89577266809357,2.9108018098993e-15,3,pre,severe,distributed_lag,0.00348852583706774,0.00579235754457443,Severe Complaint,Pre-COVID (<=2019)
lead_severe_4,0.00321918756756121,0.000537565520134369,5.98845619182671,2.12475914097998e-09,4,pre,severe,distributed_lag,0.00216555914809784,0.00427281598702457,Severe Complaint,Pre-COVID (<=2019)
lead_severe_5,0.0012944052544361,0.000558145107566325,2.31911959253765,0.0203903181573403,5,pre,severe,distributed_lag,0.000200440843606102,0.0023883696652661,Severe Complaint,Pre-COVID (<=2019)
lead_severe_6,0.00156583651781093,0.000553222607023454,2.83039141555643,0.00464992504063536,6,pre,severe,distributed_lag,0.000481520208044963,0.0026501528275769,Severe Complaint,Pre-COVID (<=2019)
lead_severe_7,0.00129795983714467,0.000520633473034163,2.49303954580634,0.012666886692022,7,pre,severe,distributed_lag,0.000277518229997707,0.00231840144429163,Severe Complaint,Pre-COVID (<=2019)
lead_severe_8,0.00143947569769242,0.00054183413391719,2.65667223156602,0.00789271610500843,8,pre,severe,distributed_lag,0.000377480795214731,0.00250147060017012,Severe Complaint,Pre-COVID (<=2019)
lead_severe_9,0.00141982411996316,0.000544422759199371,2.60794409486326,0.0091099749899738,9,pre,severe,distributed_lag,0.000352755511932393,0.00248689272799393,Severe Complaint,Pre-COVID (<=2019)
lead_severe_10,0.00187433225024831,0.000553241692770295,3.38790853028954,0.000704516488200511,10,pre,severe,distributed_lag,0.00078997853241853,0.00295868596807809,Severe Complaint,Pre-COVID (<=2019)
lead_severe_11,0.00175595297212517,0.00054960597881034,3.19493062270912,0.00139902666899717,11,pre,severe,distributed_lag,0.000678725253656905,0.00283318069059344,Severe Complaint,Pre-COVID (<=2019)
lead_severe_12,0.00198463222974776,0.000534637017816373,3.71211151418887,0.000205635524612305,12,pre,severe,distributed_lag,0.000936743674827669,0.00303252078466785,Severe Complaint,Pre-COVID (<=2019)
lag_non_severe_12,6.04951368878174e-05,0.000375428176292299,0.161136378961385,0.871986275024358,-12,pre,non_severe,distributed_lag,-0.000675344088645088,0.000796334362420723,Non-Severe Complaint,Pre-COVID (<=2019)
lag_non_severe_11,-0.000342651353575143,0.000362117817574491,-0.946242733567388,0.344026808153296,-11,pre,non_severe,distributed_lag,-0.00105240227602114,0.000367099568870859,Non-Severe Complaint,Pre-COVID (<=2019)
lag_non_severe_10,1.07430433507752e-05,0.000372151854848738,0.0288673647888756,0.976970424628143,-10,pre,non_severe,distributed_lag,-0.000718674592152751,0.000740160678854301,Non-Severe Complaint,Pre-COVID (<=2019)
lag_non_severe_9,-0.000489241722143745,0.000355806987706995,-1.37501999411724,0.169127959187121,-9,pre,non_severe,distributed_lag,-0.00118662341804945,0.000208139973761964,Non-Severe Complaint,Pre-COVID (<=2019)
lag_non_severe_8,0.000156643974701668,0.000354964924736336,0.441294234403642,0.659000839861553,-8,pre,non_severe,distributed_lag,-0.00053908727778155,0.000852375227184885,Non-Severe Complaint,Pre-COVID (<=2019)
lag_non_severe_7,-0.000519066181050682,0.000357809565000699,-1.4506772088378,0.146872527096983,-7,pre,non_severe,distributed_lag,-0.00122037292845205,0.000182240566350689,Non-Severe Complaint,Pre-COVID (<=2019)
lag_non_severe_6,0.000235717713459775,0.000357479010696023,0.659388961049278,0.50964736624756,-6,pre,non_severe,distributed_lag,-0.000464941147504431,0.00093637657442398,Non-Severe Complaint,Pre-COVID (<=2019)
lag_non_severe_5,-0.000756276429828269,0.000349457710560937,-2.16414291907974,0.0304554602652324,-5,pre,non_severe,distributed_lag,-0.00144121354252771,-7.13393171288315e-05,Non-Severe Complaint,Pre-COVID (<=2019)
lag_non_severe_4,0.000935577696437643,0.000369317022811179,2.5332644818703,0.0113018990870204,-4,pre,non_severe,distributed_lag,0.000211716331727732,0.00165943906114755,Non-Severe Complaint,Pre-COVID (<=2019)
lag_non_severe_3,0.000586662388415167,0.000372533108428141,1.57479261612617,0.115307107392416,-3,pre,non_severe,distributed_lag,-0.000143502504103989,0.00131682728093432,Non-Severe Complaint,Pre-COVID (<=2019)
lag_non_severe_2,0.00153911169629627,0.000384774495189607,4.00003564565224,6.33730216086131e-05,-2,pre,non_severe,distributed_lag,0.000784953685724643,0.0022932697068679,Non-Severe Complaint,Pre-COVID (<=2019)
lag_non_severe_1,0.00320392875426537,0.000403129191038273,7.94764761642178,1.91815961014531e-15,-1,pre,non_severe,distributed_lag,0.00241379553983036,0.00399406196870039,Non-Severe Complaint,Pre-COVID (<=2019)
filed_non_severe,0.00445421055637751,0.000414557974240544,10.7444816724066,6.48192812431909e-27,0,pre,non_severe,distributed_lag,0.00364167692686605,0.00526674418588898,Non-Severe Complaint,Pre-COVID (<=2019)
lead_non_severe_1,0.00284370585515276,0.000396708783517357,7.16824525522094,7.64250243480103e-13,1,pre,non_severe,distributed_lag,0.00206615663945874,0.00362125507084678,Non-Severe Complaint,Pre-COVID (<=2019)
lead_non_severe_2,0.00314361141177889,0.000390098566950001,8.05850540892095,7.79752194600354e-16,2,pre,non_severe,distributed_lag,0.00237901822055689,0.0039082046030009,Non-Severe Complaint,Pre-COVID (<=2019)
lead_non_severe_3,0.00262596400384128,0.000389759153392002,6.73740175436037,1.62008941678543e-11,3,pre,non_severe,distributed_lag,0.00186203606319296,0.00338989194448961,Non-Severe Complaint,Pre-COVID (<=2019)
lead_non_severe_4,0.00170537490924429,0.00037430272598165,4.55613809590019,5.21568234955893e-06,4,pre,non_severe,distributed_lag,0.000971741566320252,0.00243900825216832,Non-Severe Complaint,Pre-COVID (<=2019)
lead_non_severe_5,0.00134775974233899,0.000372294190577797,3.62014712141299,0.000294563512141493,5,pre,non_severe,distributed_lag,0.000618063128806508,0.00207745635587147,Non-Severe Complaint,Pre-COVID (<=2019)
lead_non_severe_6,0.000824328830047994,0.000365144816400082,2.25753945564653,0.0239762781741738,6,pre,non_severe,distributed_lag,0.000108644989903834,0.00154001267019215,Non-Severe Complaint,Pre-COVID (<=2019)
lead_non_severe_7,0.000487583780577172,0.000355413980915036,1.37187563449771,0.170104867126016,7,pre,non_severe,distributed_lag,-0.000209027622016297,0.00118419518317064,Non-Severe Complaint,Pre-COVID (<=2019)
lead_non_severe_8,8.44751787407248e-05,0.000356397743906345,0.237025009796143,0.8126378156156,8,pre,non_severe,distributed_lag,-0.000614064399315711,0.000783014756797161,Non-Severe Complaint,Pre-COVID (<=2019)
lead_non_severe_9,0.000239714214471796,0.000356432950537588,0.672536627464572,0.501243499055761,9,pre,non_severe,distributed_lag,-0.000458894368581877,0.000938322797525469,Non-Severe Complaint,Pre-COVID (<=2019)
lead_non_severe_10,0.000115558249303918,0.000352414192890412,0.327904640718747,0.742984369367649,10,pre,non_severe,distributed_lag,-0.000575173568761291,0.000806290067369126,Non-Severe Complaint,Pre-COVID (<=2019)
lead_non_severe_11,-0.000407418063287205,0.000351275822688794,-1.15982381072707,0.246122986404766,11,pre,non_severe,distributed_lag,-0.00109591867575724,0.000281082549182832,Non-Severe Complaint,Pre-COVID (<=2019)
lead_non_severe_12,1.56338301447111e-05,0.000353208367030119,0.0442623437155948,0.964695365435189,12,pre,non_severe,distributed_lag,-0.000676654569234323,0.000707922229523745,Non-Severe Complaint,Pre-COVID (<=2019)
